{"cameraMode":{"drawMode":0,"name":"Shaded","section":"Shading Mode"},"sceneLighting":false,"audioPlay":false,"sceneViewState":{"m_AlwaysRefresh":false,"showFog":false,"showSkybox":false,"showFlares":false,"showImageEffects":false,"showParticleSystems":false,"showVisualEffectGraphs":true,"m_FxEnabled":true},"in2DMode":false,"pivot":{"x":0.2413826584815979,"y":1.2918494939804078,"z":0.1389453411102295},"rotation":{"x":-0.035142406821250918,"y":0.9451444745063782,"z":-0.10851198434829712,"w":-0.30609291791915896},"size":1.0893168449401856,"orthographic":false}